STATION,NAME,DATE,DAPR,DASF,MDPR,MDSF,PRCP,SNOW,SNWD,TAVG,TMAX,TMIN,TOBS,WT01,WT02,WT03,WT04,WT05,WT06,WT08,WT09,WT10,WT11
USW00094728,"NY CITY CENTRAL PARK, NY US",2014-01-01,,,,,0,0,0,,33,24,,,,,,,,,,,
USW00094728,"NY CITY CENTRAL PARK, NY US",2014-01-02,,,,,0.33,3.1,0,,33,18,,,,,,,,,,,
USW00094728,"NY CITY CENTRAL PARK, NY US",2014-01-03,,,,,0.29,3.3,5.9,,18,9,,1,,,,,,,,,
USW00094728,"NY CITY CENTRAL PARK, NY US",2014-01-04,,,,,0,0,5.9,,29,8,,,,,,,,,,,
USW00094728,"NY CITY CENTRAL PARK, NY US",2014-01-05,,,,,0.14,0,3.9,,40,27,,,,,,,,,,,
USW00094728,"NY CITY CENTRAL PARK, NY US",2014-01-06,,,,,0.36,0,1.2,,55,19,,,,,,,,,,,
USW00094728,"NY CITY CENTRAL PARK, NY US",2014-01-07,,,,,0,0,0,,19,4,,,,,,,,,,,
USW00094728,"NY CITY CENTRAL PARK, NY US",2014-01-08,,,,,0,0,0,,22,9,,,,,,,,,,,
USW00094728,"NY CITY CENTRAL PARK, NY US",2014-01-09,,,,,0,0,0,,32,22,,,,,,,,,,,
USW00094728,"NY CITY CENTRAL PARK, NY US",2014-01-10,,,,,0.11,0,0,,37,30,,,,,,,,,,,
USW00094728,"NY CITY CENTRAL PARK, NY US",2014-01-11,,,,,0.5,0,0,,58,37,,1,,,,,,,,,
USW00094728,"NY CITY CENTRAL PARK, NY US",2014-01-12,,,,,0.05,0,0,,54,38,,1,,,,,,,,,
USW00094728,"NY CITY CENTRAL PARK, NY US",2014-01-13,,,,,0,0,0,,51,37,,,,,,,,,,,
USW00094728,"NY CITY CENTRAL PARK, NY US",2014-01-14,,,,,0.38,0,0,,52,44,,1,,,,,,,,,
USW00094728,"NY CITY CENTRAL PARK, NY US",2014-01-15,,,,,0,0,0,,47,39,,,,,,,,,,,
USW00094728,"NY CITY CENTRAL PARK, NY US",2014-01-16,,,,,0,0,0,,42,36,,,,,,,,,,,
USW00094728,"NY CITY CENTRAL PARK, NY US",2014-01-17,,,,,0,0,0,,44,33,,,,,,,,,,,
USW00094728,"NY CITY CENTRAL PARK, NY US",2014-01-18,,,,,0.07,0,0,,41,29,,,,,,,,,,,
USW00094728,"NY CITY CENTRAL PARK, NY US",2014-01-19,,,,,0,0,0,,38,24,,,,,,,,,,,
USW00094728,"NY CITY CENTRAL PARK, NY US",2014-01-20,,,,,0,0,0,,46,31,,,,,,,,,,,
USW00094728,"NY CITY CENTRAL PARK, NY US",2014-01-21,,,,,0.46,11,0,,31,11,,,,,,,,,,,
USW00094728,"NY CITY CENTRAL PARK, NY US",2014-01-22,,,,,0.02,0.5,11,,17,5,,,,,,,,,,,
USW00094728,"NY CITY CENTRAL PARK, NY US",2014-01-23,,,,,0,0,7.1,,20,7,,,,,,,,,,,
USW00094728,"NY CITY CENTRAL PARK, NY US",2014-01-24,,,,,0,0,5.9,,20,10,,,,,,,,,,,
USW00094728,"NY CITY CENTRAL PARK, NY US",2014-01-25,,,,,0.04,1,3.9,,28,19,,,,,,,,,,,
USW00094728,"NY CITY CENTRAL PARK, NY US",2014-01-26,,,,,0,0,3.9,,34,17,,,,,,,,,,,
USW00094728,"NY CITY CENTRAL PARK, NY US",2014-01-27,,,,,0,0,3.1,,44,21,,,,,,,,,,,
USW00094728,"NY CITY CENTRAL PARK, NY US",2014-01-28,,,,,0,0,1.2,,21,12,,,,,,,,,,,
USW00094728,"NY CITY CENTRAL PARK, NY US",2014-01-29,,,,,0.04,0.8,2,,23,14,,,,,,,,,,,
USW00094728,"NY CITY CENTRAL PARK, NY US",2014-01-30,,,,,0,0,1,,30,16,,,,,,,,,,,
USW00094728,"NY CITY CENTRAL PARK, NY US",2014-01-31,,,,,0,0,1.2,,39,25,,,,,,,,,,,
USW00094728,"NY CITY CENTRAL PARK, NY US",2014-02-01,,,,,0,0,1.2,,45,36,,,,,,,,1,,,
USW00094728,"NY CITY CENTRAL PARK, NY US",2014-02-02,,,,,0,0,1.2,,56,39,,,,,,,,1,,,
USW00094728,"NY CITY CENTRAL PARK, NY US",2014-02-03,,,,,1.17,8,1.2,,43,27,,,,,,,,,,,
USW00094728,"NY CITY CENTRAL PARK, NY US",2014-02-04,,,,,0,0,7.9,,35,22,,,,,,,,1,,,
USW00094728,"NY CITY CENTRAL PARK, NY US",2014-02-05,,,,,1.43,4,9.1,,34,29,,,,,,,,,,,
USW00094728,"NY CITY CENTRAL PARK, NY US",2014-02-06,,,,,0,0,9.1,,32,21,,,,,,,,,,,
USW00094728,"NY CITY CENTRAL PARK, NY US",2014-02-07,,,,,0,0,9.1,,32,24,,,,,,,,,,,
USW00094728,"NY CITY CENTRAL PARK, NY US",2014-02-08,,,,,0,0,9.1,,29,21,,,,,,,,,,,
USW00094728,"NY CITY CENTRAL PARK, NY US",2014-02-09,,,,,0.1,1.2,7.9,,31,21,,,,,,,,,,,
USW00094728,"NY CITY CENTRAL PARK, NY US",2014-02-10,,,,,0,0,9.8,,29,21,,,,,,,,,,,
USW00094728,"NY CITY CENTRAL PARK, NY US",2014-02-11,,,,,0,0,9.8,,26,16,,,,,,,,,,,
USW00094728,"NY CITY CENTRAL PARK, NY US",2014-02-12,,,,,0,0,9.8,,25,13,,,,,,,,,,,
USW00094728,"NY CITY CENTRAL PARK, NY US",2014-02-13,,,,,1.78,9.5,11.8,,36,24,,,,,,,,,,,
USW00094728,"NY CITY CENTRAL PARK, NY US",2014-02-14,,,,,0.3,3,18.1,,40,31,,,,,,,,,,,
USW00094728,"NY CITY CENTRAL PARK, NY US",2014-02-15,,,,,0.13,1.6,18.1,,37,27,,,,,,,,,,,
USW00094728,"NY CITY CENTRAL PARK, NY US",2014-02-16,,,,,0,0,18.1,,30,21,,,,,,,,,,,
USW00094728,"NY CITY CENTRAL PARK, NY US",2014-02-17,,,,,0,0,16.9,,32,18,,,,,,,,,,,
USW00094728,"NY CITY CENTRAL PARK, NY US",2014-02-18,,,,,0.16,1.5,18.1,,39,26,,,,,,,,,,,
USW00094728,"NY CITY CENTRAL PARK, NY US",2014-02-19,,,,,0.26,0,16.9,,45,34,,,,,,,,,,,
USW00094728,"NY CITY CENTRAL PARK, NY US",2014-02-20,,,,,0.03,0,15,,51,37,,,,,,,,,,,
USW00094728,"NY CITY CENTRAL PARK, NY US",2014-02-21,,,,,0.09,0,13,,49,36,,,,,,,,,,,
USW00094728,"NY CITY CENTRAL PARK, NY US",2014-02-22,,,,,0,0,9.8,,54,40,,,,,,,,,,,
USW00094728,"NY CITY CENTRAL PARK, NY US",2014-02-23,,,,,0,0,9.1,,54,43,,,,,,,,,,,
USW00094728,"NY CITY CENTRAL PARK, NY US",2014-02-24,,,,,0,0,5.9,,44,27,,,,,,,,,,,
USW00094728,"NY CITY CENTRAL PARK, NY US",2014-02-25,,,,,0,0,5.9,,33,24,,,,,,,,,,,
USW00094728,"NY CITY CENTRAL PARK, NY US",2014-02-26,,,,,0.03,0.2,5.9,,31,20,,,,,,,,1,,,
USW00094728,"NY CITY CENTRAL PARK, NY US",2014-02-27,,,,,0,0,5.9,,34,14,,,,,,,,1,,,
USW00094728,"NY CITY CENTRAL PARK, NY US",2014-02-28,,,,,0,0,5.9,,24,9,,,,,,,,,,,
USW00094728,"NY CITY CENTRAL PARK, NY US",2014-03-01,,,,,0,0,5.9,,37,20,,,,,,,,,,,
USW00094728,"NY CITY CENTRAL PARK, NY US",2014-03-02,,,,,0,0,5.1,,40,32,,,,,,,,1,,,
USW00094728,"NY CITY CENTRAL PARK, NY US",2014-03-03,,,,,0.04,0.1,5.1,,32,17,,,,,,,,1,,,
USW00094728,"NY CITY CENTRAL PARK, NY US",2014-03-04,,,,,0,0,5.1,,29,13,,,,,,,,,,,
USW00094728,"NY CITY CENTRAL PARK, NY US",2014-03-05,,,,,0,0,3.9,,39,26,,,,,,,,,,,
USW00094728,"NY CITY CENTRAL PARK, NY US",2014-03-06,,,,,0,0,3.9,,31,16,,,,,,,,,,,
USW00094728,"NY CITY CENTRAL PARK, NY US",2014-03-07,,,,,0,0,3.9,,37,26,,,,,,,,1,,,
USW00094728,"NY CITY CENTRAL PARK, NY US",2014-03-08,,,,,0,0,3.1,,57,35,,,,,,,,,,,
USW00094728,"NY CITY CENTRAL PARK, NY US",2014-03-09,,,,,0,0,2,,44,36,,,,,,,,,,,
USW00094728,"NY CITY CENTRAL PARK, NY US",2014-03-10,,,,,0,0,1.2,,51,36,,,,,,,,1,,,
USW00094728,"NY CITY CENTRAL PARK, NY US",2014-03-11,,,,,0,0,0,,66,45,,,,,,,,,,,
USW00094728,"NY CITY CENTRAL PARK, NY US",2014-03-12,,,,,0.35,0,0,,56,32,,,,,,,,,,,
USW00094728,"NY CITY CENTRAL PARK, NY US",2014-03-13,,,,,0,0,0,,32,18,,,,,,,,,,,
USW00094728,"NY CITY CENTRAL PARK, NY US",2014-03-14,,,,,0,0,0,,46,22,,,,,,,,,,,
USW00094728,"NY CITY CENTRAL PARK, NY US",2014-03-15,,,,,0,0,0,,58,42,,,,,,,,,,,
USW00094728,"NY CITY CENTRAL PARK, NY US",2014-03-16,,,,,0,0,0,,42,30,,,,,,,,,,,
USW00094728,"NY CITY CENTRAL PARK, NY US",2014-03-17,,,,,0,0,0,,35,23,,,,,,,,,,,
USW00094728,"NY CITY CENTRAL PARK, NY US",2014-03-18,,,,,0,0,0,,43,28,,,,,,,,,,,
USW00094728,"NY CITY CENTRAL PARK, NY US",2014-03-19,,,,,0.92,0,0,,46,32,,,,,,,,,,,
USW00094728,"NY CITY CENTRAL PARK, NY US",2014-03-20,,,,,0,0,0,,54,40,,,,,,,,,,,
USW00094728,"NY CITY CENTRAL PARK, NY US",2014-03-21,,,,,0,0,0,,51,39,,,,,,,,,,,
USW00094728,"NY CITY CENTRAL PARK, NY US",2014-03-22,,,,,0,0,0,,63,41,,,,,,,,,,,
USW00094728,"NY CITY CENTRAL PARK, NY US",2014-03-23,,,,,0,0,0,,42,27,,,,,,,,,,,
USW00094728,"NY CITY CENTRAL PARK, NY US",2014-03-24,,,,,0,0,0,,35,21,,,,,,,,,,,
USW00094728,"NY CITY CENTRAL PARK, NY US",2014-03-25,,,,,0,0,0,,39,26,,,,,,,,,,,
USW00094728,"NY CITY CENTRAL PARK, NY US",2014-03-26,,,,,0,0,0,,36,24,,,,,,,,,,,
USW00094728,"NY CITY CENTRAL PARK, NY US",2014-03-27,,,,,0,0,0,,44,22,,,,,,,,,,,
USW00094728,"NY CITY CENTRAL PARK, NY US",2014-03-28,,,,,0.04,0,0,,62,37,,,,,,,,,,,
USW00094728,"NY CITY CENTRAL PARK, NY US",2014-03-29,,,,,1.81,0,0,,59,43,,1,,,,,,,,,
USW00094728,"NY CITY CENTRAL PARK, NY US",2014-03-30,,,,,0.35,0,0,,49,39,,,,,,,,,,,
USW00094728,"NY CITY CENTRAL PARK, NY US",2014-03-31,,,,,0.16,0,0,,56,36,,1,,,,,,,,,
USW00094728,"NY CITY CENTRAL PARK, NY US",2014-04-01,,,,,0,0,0,,60,39,,,,,,,,,,,
USW00094728,"NY CITY CENTRAL PARK, NY US",2014-04-02,,,,,0,0,0,,54,42,,,,,,,,,,,
USW00094728,"NY CITY CENTRAL PARK, NY US",2014-04-03,,,,,0.07,0,0,,67,46,,,,,,,,,,,
USW00094728,"NY CITY CENTRAL PARK, NY US",2014-04-04,,,,,0.21,0,0,,47,40,,,,,,,,,,,
USW00094728,"NY CITY CENTRAL PARK, NY US",2014-04-05,,,,,0,0,0,,54,40,,1,,,,,,,,,
USW00094728,"NY CITY CENTRAL PARK, NY US",2014-04-06,,,,,0,0,0,,61,36,,,,,,,,,,,
USW00094728,"NY CITY CENTRAL PARK, NY US",2014-04-07,,,,,0.52,0,0,,53,43,,,,,,,,,,,
USW00094728,"NY CITY CENTRAL PARK, NY US",2014-04-08,,,,,0.34,0,0,,64,46,,,,,,,,,,,
USW00094728,"NY CITY CENTRAL PARK, NY US",2014-04-09,,,,,0,0,0,,61,45,,,,,,,,,,,
USW00094728,"NY CITY CENTRAL PARK, NY US",2014-04-10,,,,,0,0,0,,58,42,,,,,,,,,,,
USW00094728,"NY CITY CENTRAL PARK, NY US",2014-04-11,,,,,0,0,0,,75,56,,,,,,,,,,,
USW00094728,"NY CITY CENTRAL PARK, NY US",2014-04-12,,,,,0,0,0,,73,50,,,,,,,,,,,
USW00094728,"NY CITY CENTRAL PARK, NY US",2014-04-13,,,,,0,0,0,,77,54,,,,,,,,,,,
USW00094728,"NY CITY CENTRAL PARK, NY US",2014-04-14,,,,,0,0,0,,75,59,,,,,,,,,,,
USW00094728,"NY CITY CENTRAL PARK, NY US",2014-04-15,,,,,0.71,0,0,,63,33,,,,,,,,,,,
USW00094728,"NY CITY CENTRAL PARK, NY US",2014-04-16,,,,,0.05,0,0,,49,31,,1,,,,,,,,,
USW00094728,"NY CITY CENTRAL PARK, NY US",2014-04-17,,,,,0,0,0,,48,36,,,,,,,,,,,
USW00094728,"NY CITY CENTRAL PARK, NY US",2014-04-18,,,,,0,0,0,,49,35,,,,,,,,,,,
USW00094728,"NY CITY CENTRAL PARK, NY US",2014-04-19,,,,,0,0,0,,68,41,,,,,,,,,,,
USW00094728,"NY CITY CENTRAL PARK, NY US",2014-04-20,,,,,0,0,0,,60,45,,,,,,,,,,,
USW00094728,"NY CITY CENTRAL PARK, NY US",2014-04-21,,,,,0,0,0,,67,41,,,,,,,,,,,
USW00094728,"NY CITY CENTRAL PARK, NY US",2014-04-22,,,,,0.01,0,0,,71,51,,,,,,,,,,,
USW00094728,"NY CITY CENTRAL PARK, NY US",2014-04-23,,,,,0,0,0,,61,44,,,,,,,,,,,
USW00094728,"NY CITY CENTRAL PARK, NY US",2014-04-24,,,,,0,0,0,,62,42,,,,,,,,,,,
USW00094728,"NY CITY CENTRAL PARK, NY US",2014-04-25,,,,,0.02,0,0,,63,44,,,,,,,,,,,
USW00094728,"NY CITY CENTRAL PARK, NY US",2014-04-26,,,,,0.92,0,0,,67,46,,,,,,,,,,,
USW00094728,"NY CITY CENTRAL PARK, NY US",2014-04-27,,,,,0,0,0,,59,47,,,,,,,,,,,
USW00094728,"NY CITY CENTRAL PARK, NY US",2014-04-28,,,,,0,0,0,,67,45,,,,,,,,,,,
USW00094728,"NY CITY CENTRAL PARK, NY US",2014-04-29,,,,,0.03,0,0,,52,43,,,,,,,,,,,
USW00094728,"NY CITY CENTRAL PARK, NY US",2014-04-30,,,,,4.97,0,0,,52,41,,1,,,,,,,,,
USW00094728,"NY CITY CENTRAL PARK, NY US",2014-05-01,,,,,0.12,0,0,,78,51,,,,,,,,,,,
USW00094728,"NY CITY CENTRAL PARK, NY US",2014-05-02,,,,,0,0,0,,70,56,,,,,,,,,,,
USW00094728,"NY CITY CENTRAL PARK, NY US",2014-05-03,,,,,0.08,0,0,,71,54,,,,,,,,,,,
USW00094728,"NY CITY CENTRAL PARK, NY US",2014-05-04,,,,,0.02,0,0,,65,54,,,,,,,,,,,
USW00094728,"NY CITY CENTRAL PARK, NY US",2014-05-05,,,,,0,0,0,,70,50,,,,,,,,,,,
USW00094728,"NY CITY CENTRAL PARK, NY US",2014-05-06,,,,,0,0,0,,71,52,,,,,,,,,,,
USW00094728,"NY CITY CENTRAL PARK, NY US",2014-05-07,,,,,0,0,0,,69,50,,,,,,,,,,,
USW00094728,"NY CITY CENTRAL PARK, NY US",2014-05-08,,,,,0.41,0,0,,59,53,,,,,,,,,,,
USW00094728,"NY CITY CENTRAL PARK, NY US",2014-05-09,,,,,0.04,0,0,,63,55,,,,,,,,,,,
USW00094728,"NY CITY CENTRAL PARK, NY US",2014-05-10,,,,,0.37,0,0,,83,57,,,,,,,,,,,
USW00094728,"NY CITY CENTRAL PARK, NY US",2014-05-11,,,,,0.03,0,0,,82,60,,1,,,,,,,,,
USW00094728,"NY CITY CENTRAL PARK, NY US",2014-05-12,,,,,0,0,0,,85,64,,,,,,,,,,,
USW00094728,"NY CITY CENTRAL PARK, NY US",2014-05-13,,,,,0,0,0,,73,53,,,,,,,,1,,,
USW00094728,"NY CITY CENTRAL PARK, NY US",2014-05-14,,,,,0.01,0,0,,71,52,,,,,,,,,,,
USW00094728,"NY CITY CENTRAL PARK, NY US",2014-05-15,,,,,0.15,0,0,,71,58,,,,,,,,,,,
USW00094728,"NY CITY CENTRAL PARK, NY US",2014-05-16,,,,,1.54,0,0,,68,58,,,,,,,,,,,
USW00094728,"NY CITY CENTRAL PARK, NY US",2014-05-17,,,,,0,0,0,,70,53,,,,,,,,,,,
USW00094728,"NY CITY CENTRAL PARK, NY US",2014-05-18,,,,,0,0,0,,67,51,,,,,,,,,,,
USW00094728,"NY CITY CENTRAL PARK, NY US",2014-05-19,,,,,0,0,0,,72,49,,,,,,,,,,,
USW00094728,"NY CITY CENTRAL PARK, NY US",2014-05-20,,,,,0,0,0,,78,53,,,,,,,,,,,
USW00094728,"NY CITY CENTRAL PARK, NY US",2014-05-21,,,,,0,0,0,,74,63,,,,,,,,,,,
USW00094728,"NY CITY CENTRAL PARK, NY US",2014-05-22,,,,,0.24,0,0,,67,59,,,,,,,,,,,
USW00094728,"NY CITY CENTRAL PARK, NY US",2014-05-23,,,,,0.91,0,0,,71,56,,,,,,,,,,,
USW00094728,"NY CITY CENTRAL PARK, NY US",2014-05-24,,,,,0.4,0,0,,70,57,,,,,,,,,,,
USW00094728,"NY CITY CENTRAL PARK, NY US",2014-05-25,,,,,0,0,0,,80,55,,,,,,,,,,,
USW00094728,"NY CITY CENTRAL PARK, NY US",2014-05-26,,,,,0,0,0,,86,66,,,,,,,,,,,
USW00094728,"NY CITY CENTRAL PARK, NY US",2014-05-27,,,,,0,0,0,,86,64,,,,,,,,,,,
USW00094728,"NY CITY CENTRAL PARK, NY US",2014-05-28,,,,,0,0,0,,64,54,,,,,,,,,,,
USW00094728,"NY CITY CENTRAL PARK, NY US",2014-05-29,,,,,0,0,0,,66,51,,,,,,,,,,,
USW00094728,"NY CITY CENTRAL PARK, NY US",2014-05-30,,,,,0,0,0,,75,55,,,,,,,,1,,,
USW00094728,"NY CITY CENTRAL PARK, NY US",2014-05-31,,,,,0.05,0,0,,73,57,,,,,,,,,,,
USW00094728,"NY CITY CENTRAL PARK, NY US",2014-06-01,,,,,0,0,0,,77,55,,,,,,,,,,,
USW00094728,"NY CITY CENTRAL PARK, NY US",2014-06-02,,,,,0,0,0,,80,59,,,,,,,,,,,
USW00094728,"NY CITY CENTRAL PARK, NY US",2014-06-03,,,,,0.12,0,0,,87,65,,1,,,,,,,,,
USW00094728,"NY CITY CENTRAL PARK, NY US",2014-06-04,,,,,0,0,0,,82,63,,,,,,,,,,,
USW00094728,"NY CITY CENTRAL PARK, NY US",2014-06-05,,,,,0.87,0,0,,76,61,,1,,,,,,,,,
USW00094728,"NY CITY CENTRAL PARK, NY US",2014-06-06,,,,,0,0,0,,76,61,,,,,,,,,,,
USW00094728,"NY CITY CENTRAL PARK, NY US",2014-06-07,,,,,0,0,0,,82,60,,,,,,,,,,,
USW00094728,"NY CITY CENTRAL PARK, NY US",2014-06-08,,,,,0,0,0,,86,66,,,,,,,,,,,
USW00094728,"NY CITY CENTRAL PARK, NY US",2014-06-09,,,,,1.6,0,0,,73,63,,1,,,,,,,,,
USW00094728,"NY CITY CENTRAL PARK, NY US",2014-06-10,,,,,0,0,0,,77,65,,,,,,,,,,,
USW00094728,"NY CITY CENTRAL PARK, NY US",2014-06-11,,,,,0.02,0,0,,70,61,,,,,,,,,,,
USW00094728,"NY CITY CENTRAL PARK, NY US",2014-06-12,,,,,0.07,0,0,,73,60,,,,,,,,,,,
USW00094728,"NY CITY CENTRAL PARK, NY US",2014-06-13,,,,,1.28,0,0,,79,65,,,,,,,,,,,
USW00094728,"NY CITY CENTRAL PARK, NY US",2014-06-14,,,,,0,0,0,,74,60,,1,,,,,,,,,
USW00094728,"NY CITY CENTRAL PARK, NY US",2014-06-15,,,,,0,0,0,,80,59,,,,,,,,,,,
USW00094728,"NY CITY CENTRAL PARK, NY US",2014-06-16,,,,,0,0,0,,81,63,,,,,,,,,,,
USW00094728,"NY CITY CENTRAL PARK, NY US",2014-06-17,,,,,0,0,0,,89,71,,,,,,,,,,,
USW00094728,"NY CITY CENTRAL PARK, NY US",2014-06-18,,,,,0,0,0,,89,76,,,,,,,,,,,
USW00094728,"NY CITY CENTRAL PARK, NY US",2014-06-19,,,,,0.15,0,0,,77,68,,1,,,,,,,,,
USW00094728,"NY CITY CENTRAL PARK, NY US",2014-06-20,,,,,0,0,0,,79,64,,,,,,,,,,,
USW00094728,"NY CITY CENTRAL PARK, NY US",2014-06-21,,,,,0,0,0,,78,62,,,,,,,,,,,
USW00094728,"NY CITY CENTRAL PARK, NY US",2014-06-22,,,,,0,0,0,,79,64,,,,,,,,,,,
USW00094728,"NY CITY CENTRAL PARK, NY US",2014-06-23,,,,,0,0,0,,81,65,,,,,,,,,,,
USW00094728,"NY CITY CENTRAL PARK, NY US",2014-06-24,,,,,0,0,0,,81,68,,,,,,,,,,,
USW00094728,"NY CITY CENTRAL PARK, NY US",2014-06-25,,,,,0.08,0,0,,85,70,,1,,,,,,,,,
USW00094728,"NY CITY CENTRAL PARK, NY US",2014-06-26,,,,,0.07,0,0,,85,70,,1,,,,,,,,,
USW00094728,"NY CITY CENTRAL PARK, NY US",2014-06-27,,,,,0,0,0,,83,67,,,,,,,,,,,
USW00094728,"NY CITY CENTRAL PARK, NY US",2014-06-28,,,,,0,0,0,,87,66,,,,,,,,,,,
USW00094728,"NY CITY CENTRAL PARK, NY US",2014-06-29,,,,,0,0,0,,83,68,,,,,,,,,,,
USW00094728,"NY CITY CENTRAL PARK, NY US",2014-06-30,,,,,0,0,0,,84,69,,,,,,,,,,,
USW00094728,"NY CITY CENTRAL PARK, NY US",2014-07-01,,,,,0,0,0,,89,72,,,,,,,,,,,
USW00094728,"NY CITY CENTRAL PARK, NY US",2014-07-02,,,,,0.96,0,0,,91,72,,,,,,,,,,,
USW00094728,"NY CITY CENTRAL PARK, NY US",2014-07-03,,,,,1.78,0,0,,87,69,,,,,,,,,,,
USW00094728,"NY CITY CENTRAL PARK, NY US",2014-07-04,,,,,0.14,0,0,,74,65,,1,,,,,,,,,
USW00094728,"NY CITY CENTRAL PARK, NY US",2014-07-05,,,,,0,0,0,,81,63,,,,,,,,,,,
USW00094728,"NY CITY CENTRAL PARK, NY US",2014-07-06,,,,,0,0,0,,84,66,,,,,,,,,,,
USW00094728,"NY CITY CENTRAL PARK, NY US",2014-07-07,,,,,0.04,0,0,,90,72,,1,,,,,,,,,
USW00094728,"NY CITY CENTRAL PARK, NY US",2014-07-08,,,,,0.39,0,0,,91,71,,,,,,,,,,,
USW00094728,"NY CITY CENTRAL PARK, NY US",2014-07-09,,,,,0.09,0,0,,88,71,,,,,,,,,,,
USW00094728,"NY CITY CENTRAL PARK, NY US",2014-07-10,,,,,0,0,0,,83,72,,,,,,,,,,,
USW00094728,"NY CITY CENTRAL PARK, NY US",2014-07-11,,,,,0,0,0,,86,71,,,,,,,,,,,
USW00094728,"NY CITY CENTRAL PARK, NY US",2014-07-12,,,,,0,0,0,,85,71,,,,,,,,,,,
USW00094728,"NY CITY CENTRAL PARK, NY US",2014-07-13,,,,,0.03,0,0,,83,72,,,,,,,,,,,
USW00094728,"NY CITY CENTRAL PARK, NY US",2014-07-14,,,,,0.46,0,0,,84,72,,,,,,,,,,,
USW00094728,"NY CITY CENTRAL PARK, NY US",2014-07-15,,,,,1.3,0,0,,86,72,,,,,,,,,,,
USW00094728,"NY CITY CENTRAL PARK, NY US",2014-07-16,,,,,0,0,0,,81,68,,1,,,,,,,,,
USW00094728,"NY CITY CENTRAL PARK, NY US",2014-07-17,,,,,0,0,0,,81,67,,,,,,,,,,,
USW00094728,"NY CITY CENTRAL PARK, NY US",2014-07-18,,,,,0,0,0,,81,64,,,,,,,,,,,
USW00094728,"NY CITY CENTRAL PARK, NY US",2014-07-19,,,,,0,0,0,,76,68,,,,,,,,,,,
USW00094728,"NY CITY CENTRAL PARK, NY US",2014-07-20,,,,,0,0,0,,80,66,,,,,,,,,,,
USW00094728,"NY CITY CENTRAL PARK, NY US",2014-07-21,,,,,0,0,0,,85,67,,,,,,,,,,,
USW00094728,"NY CITY CENTRAL PARK, NY US",2014-07-22,,,,,0,0,0,,86,71,,,,,,,,,,,
USW00094728,"NY CITY CENTRAL PARK, NY US",2014-07-23,,,,,0.19,0,0,,88,72,,1,,,,,,,,,
USW00094728,"NY CITY CENTRAL PARK, NY US",2014-07-24,,,,,0,0,0,,80,70,,,,,,,,,,,
USW00094728,"NY CITY CENTRAL PARK, NY US",2014-07-25,,,,,0,0,0,,82,66,,,,,,,,,,,
USW00094728,"NY CITY CENTRAL PARK, NY US",2014-07-26,,,,,0,0,0,,81,69,,,,,,,,,,,
USW00094728,"NY CITY CENTRAL PARK, NY US",2014-07-27,,,,,0.02,0,0,,85,71,,1,,,,,,,,,
USW00094728,"NY CITY CENTRAL PARK, NY US",2014-07-28,,,,,0.19,0,0,,82,68,,1,,,,,,,,,
USW00094728,"NY CITY CENTRAL PARK, NY US",2014-07-29,,,,,0,0,0,,76,64,,,,,,,,,,,
USW00094728,"NY CITY CENTRAL PARK, NY US",2014-07-30,,,,,0,0,0,,80,63,,,,,,,,,,,
USW00094728,"NY CITY CENTRAL PARK, NY US",2014-07-31,,,,,0,0,0,,82,68,,,,,,,,,,,
USW00094728,"NY CITY CENTRAL PARK, NY US",2014-08-01,,,,,0,0,0,,84,71,,,,,,,,1,,,
USW00094728,"NY CITY CENTRAL PARK, NY US",2014-08-02,,,,,0.41,0,0,,74,63,,1,,,,,,,,,
USW00094728,"NY CITY CENTRAL PARK, NY US",2014-08-03,,,,,0.07,0,0,,76,66,,,,,,,,,,,
USW00094728,"NY CITY CENTRAL PARK, NY US",2014-08-04,,,,,0,0,0,,84,70,,,,,,,,,,,
USW00094728,"NY CITY CENTRAL PARK, NY US",2014-08-05,,,,,0,0,0,,90,71,,,,,,,,,,,
USW00094728,"NY CITY CENTRAL PARK, NY US",2014-08-06,,,,,0,0,0,,83,70,,,,,,,,,,,
USW00094728,"NY CITY CENTRAL PARK, NY US",2014-08-07,,,,,0,0,0,,83,66,,,,,,,,,,,
USW00094728,"NY CITY CENTRAL PARK, NY US",2014-08-08,,,,,0,0,0,,83,65,,,,,,,,,,,
USW00094728,"NY CITY CENTRAL PARK, NY US",2014-08-09,,,,,0,0,0,,87,66,,,,,,,,,,,
USW00094728,"NY CITY CENTRAL PARK, NY US",2014-08-10,,,,,0,0,0,,88,68,,,,,,,,,,,
USW00094728,"NY CITY CENTRAL PARK, NY US",2014-08-11,,,,,0,0,0,,87,71,,,,,,,,,,,
USW00094728,"NY CITY CENTRAL PARK, NY US",2014-08-12,,,,,0.19,0,0,,79,70,,,,,,,,,,,
USW00094728,"NY CITY CENTRAL PARK, NY US",2014-08-13,,,,,0.53,0,0,,82,68,,1,,,,,,,,,
USW00094728,"NY CITY CENTRAL PARK, NY US",2014-08-14,,,,,0,0,0,,77,63,,,,,,,,,,,
USW00094728,"NY CITY CENTRAL PARK, NY US",2014-08-15,,,,,0,0,0,,73,61,,,,,,,,,,,
USW00094728,"NY CITY CENTRAL PARK, NY US",2014-08-16,,,,,0,0,0,,78,63,,,,,,,,,,,
USW00094728,"NY CITY CENTRAL PARK, NY US",2014-08-17,,,,,0.01,0,0,,82,66,,,,,,,,,,,
USW00094728,"NY CITY CENTRAL PARK, NY US",2014-08-18,,,,,0,0,0,,81,63,,,,,,,,1,,,
USW00094728,"NY CITY CENTRAL PARK, NY US",2014-08-19,,,,,0,0,0,,83,63,,,,,,,,1,,,
USW00094728,"NY CITY CENTRAL PARK, NY US",2014-08-20,,,,,0,0,0,,84,70,,,,,,,,1,,,
USW00094728,"NY CITY CENTRAL PARK, NY US",2014-08-21,,,,,0.35,0,0,,83,65,,1,,,,,,,,,
USW00094728,"NY CITY CENTRAL PARK, NY US",2014-08-22,,,,,0.06,0,0,,79,65,,1,,,,,,,,,
USW00094728,"NY CITY CENTRAL PARK, NY US",2014-08-23,,,,,0.01,0,0,,77,67,,,,,,,,,,,
USW00094728,"NY CITY CENTRAL PARK, NY US",2014-08-24,,,,,0,0,0,,80,64,,,,,,,,,,,
USW00094728,"NY CITY CENTRAL PARK, NY US",2014-08-25,,,,,0,0,0,,88,64,,,,,,,,,,,
USW00094728,"NY CITY CENTRAL PARK, NY US",2014-08-26,,,,,0,0,0,,89,70,,,,,,,,1,,,
USW00094728,"NY CITY CENTRAL PARK, NY US",2014-08-27,,,,,0,0,0,,90,70,,,,,,,,,,,
USW00094728,"NY CITY CENTRAL PARK, NY US",2014-08-28,,,,,0,0,0,,82,66,,,,,,,,,,,
USW00094728,"NY CITY CENTRAL PARK, NY US",2014-08-29,,,,,0,0,0,,80,61,,,,,,,,,,,
USW00094728,"NY CITY CENTRAL PARK, NY US",2014-08-30,,,,,0,0,0,,80,65,,,,,,,,,,,
USW00094728,"NY CITY CENTRAL PARK, NY US",2014-08-31,,,,,0.62,0,0,,90,73,,,,,,,,,,,
USW00094728,"NY CITY CENTRAL PARK, NY US",2014-09-01,,,,,0,0,0,,88,75,,,,,,,,,,,
USW00094728,"NY CITY CENTRAL PARK, NY US",2014-09-02,,,,,0,0,0,,92,77,,,,,,,,,,,
USW00094728,"NY CITY CENTRAL PARK, NY US",2014-09-03,,,,,0,0,0,,86,72,,,,,,,,,,,
USW00094728,"NY CITY CENTRAL PARK, NY US",2014-09-04,,,,,0,0,0,,87,69,,,,,,,,,,,
USW00094728,"NY CITY CENTRAL PARK, NY US",2014-09-05,,,,,0,0,0,,87,72,,1,,,,,,1,,,
USW00094728,"NY CITY CENTRAL PARK, NY US",2014-09-06,,,,,0.11,0,0,,91,67,,1,,,,,,1,,,
USW00094728,"NY CITY CENTRAL PARK, NY US",2014-09-07,,,,,0,0,0,,81,65,,,,,,,,,,,
USW00094728,"NY CITY CENTRAL PARK, NY US",2014-09-08,,,,,0,0,0,,75,65,,,,,,,,,,,
USW00094728,"NY CITY CENTRAL PARK, NY US",2014-09-09,,,,,0,0,0,,73,63,,,,,,,,,,,
USW00094728,"NY CITY CENTRAL PARK, NY US",2014-09-10,,,,,0,0,0,,80,63,,,,,,,,,,,
USW00094728,"NY CITY CENTRAL PARK, NY US",2014-09-11,,,,,0,0,0,,83,69,,,,,,,,,,,
USW00094728,"NY CITY CENTRAL PARK, NY US",2014-09-12,,,,,0,0,0,,78,62,,,,,,,,,,,
USW00094728,"NY CITY CENTRAL PARK, NY US",2014-09-13,,,,,0.26,0,0,,69,58,,1,,,,,,,,,
USW00094728,"NY CITY CENTRAL PARK, NY US",2014-09-14,,,,,0,0,0,,71,53,,,,,,,,,,,
USW00094728,"NY CITY CENTRAL PARK, NY US",2014-09-15,,,,,0,0,0,,71,55,,,,,,,,,,,
USW00094728,"NY CITY CENTRAL PARK, NY US",2014-09-16,,,,,0.37,0,0,,70,58,,1,,,,,,1,,,
USW00094728,"NY CITY CENTRAL PARK, NY US",2014-09-17,,,,,0,0,0,,73,55,,,,,,,,,,,
USW00094728,"NY CITY CENTRAL PARK, NY US",2014-09-18,,,,,0,0,0,,76,57,,,,,,,,,,,
USW00094728,"NY CITY CENTRAL PARK, NY US",2014-09-19,,,,,0,0,0,,66,54,,,,,,,,,,,
USW00094728,"NY CITY CENTRAL PARK, NY US",2014-09-20,,,,,0,0,0,,75,57,,1,,,,,,,,,
USW00094728,"NY CITY CENTRAL PARK, NY US",2014-09-21,,,,,0.15,0,0,,75,67,,1,,,,,,1,,,
USW00094728,"NY CITY CENTRAL PARK, NY US",2014-09-22,,,,,0,0,0,,71,55,,,,,,,,,,,
USW00094728,"NY CITY CENTRAL PARK, NY US",2014-09-23,,,,,0,0,0,,71,52,,,,,,,,,,,
USW00094728,"NY CITY CENTRAL PARK, NY US",2014-09-24,,,,,0,0,0,,71,58,,,,,,,,,,,
USW00094728,"NY CITY CENTRAL PARK, NY US",2014-09-25,,,,,0.32,0,0,,64,57,,1,,,,,,,,,
USW00094728,"NY CITY CENTRAL PARK, NY US",2014-09-26,,,,,0,0,0,,77,58,,,,,,,,,,,
USW00094728,"NY CITY CENTRAL PARK, NY US",2014-09-27,,,,,0,0,0,,83,60,,,,,,,,1,,,
USW00094728,"NY CITY CENTRAL PARK, NY US",2014-09-28,,,,,0,0,0,,84,64,,,,,,,,,,,
USW00094728,"NY CITY CENTRAL PARK, NY US",2014-09-29,,,,,0,0,0,,79,67,,,,,,,,,,,
USW00094728,"NY CITY CENTRAL PARK, NY US",2014-09-30,,,,,0,0,0,,71,62,,1,,,,,,1,,,
USW00094728,"NY CITY CENTRAL PARK, NY US",2014-10-01,,,,,0.02,0,0,,65,61,,1,,,,,,1,,,
USW00094728,"NY CITY CENTRAL PARK, NY US",2014-10-02,,,,,0,0,0,,70,61,,,,,,,,,,,
USW00094728,"NY CITY CENTRAL PARK, NY US",2014-10-03,,,,,0,0,0,,71,56,,,,,,,,,,,
USW00094728,"NY CITY CENTRAL PARK, NY US",2014-10-04,,,,,1.18,0,0,,69,52,,1,,,,,,,,,
USW00094728,"NY CITY CENTRAL PARK, NY US",2014-10-05,,,,,0,0,0,,61,46,,,,,,,,,,,
USW00094728,"NY CITY CENTRAL PARK, NY US",2014-10-06,,,,,0,0,0,,69,50,,,,,,,,,,,
USW00094728,"NY CITY CENTRAL PARK, NY US",2014-10-07,,,,,0.06,0,0,,71,63,,1,,,,,,,,,
USW00094728,"NY CITY CENTRAL PARK, NY US",2014-10-08,,,,,0.04,0,0,,73,62,,1,,,,,,,,,
USW00094728,"NY CITY CENTRAL PARK, NY US",2014-10-09,,,,,0,0,0,,68,55,,,,,,,,,,,
USW00094728,"NY CITY CENTRAL PARK, NY US",2014-10-10,,,,,0,0,0,,64,52,,,,,,,,,,,
USW00094728,"NY CITY CENTRAL PARK, NY US",2014-10-11,,,,,0.33,0,0,,60,50,,1,,,,,,,,,
USW00094728,"NY CITY CENTRAL PARK, NY US",2014-10-12,,,,,0,0,0,,63,48,,,,,,,,,,,
USW00094728,"NY CITY CENTRAL PARK, NY US",2014-10-13,,,,,0.05,0,0,,65,52,,1,,,,,,1,,,
USW00094728,"NY CITY CENTRAL PARK, NY US",2014-10-14,,,,,0,0,0,,76,63,,1,,,,,,,,,
USW00094728,"NY CITY CENTRAL PARK, NY US",2014-10-15,,,,,0.69,0,0,,77,69,,1,,,,,,1,,,
USW00094728,"NY CITY CENTRAL PARK, NY US",2014-10-16,,,,,1.11,0,0,,71,61,,1,,,,,,,,,
USW00094728,"NY CITY CENTRAL PARK, NY US",2014-10-17,,,,,0,0,0,,71,59,,,,,,,,,,,
USW00094728,"NY CITY CENTRAL PARK, NY US",2014-10-18,,,,,0,0,0,,70,56,,,,,,,,1,,,
USW00094728,"NY CITY CENTRAL PARK, NY US",2014-10-19,,,,,0,0,0,,56,44,,,,,,,,,,,
USW00094728,"NY CITY CENTRAL PARK, NY US",2014-10-20,,,,,0,0,0,,60,42,,,,,,,,1,,,
USW00094728,"NY CITY CENTRAL PARK, NY US",2014-10-21,,,,,0.11,0,0,,67,55,,1,,,,,,,,,
USW00094728,"NY CITY CENTRAL PARK, NY US",2014-10-22,,,,,1.51,0,0,,58,50,,1,,,,,,1,,,
USW00094728,"NY CITY CENTRAL PARK, NY US",2014-10-23,,,,,0.61,0,0,,53,50,,1,,,,,,,,,
USW00094728,"NY CITY CENTRAL PARK, NY US",2014-10-24,,,,,0,0,0,,63,51,,,,,,,,,,,
USW00094728,"NY CITY CENTRAL PARK, NY US",2014-10-25,,,,,0.01,0,0,,67,50,,,,,,,,,,,
USW00094728,"NY CITY CENTRAL PARK, NY US",2014-10-26,,,,,0,0,0,,63,53,,,,,,,,,,,
USW00094728,"NY CITY CENTRAL PARK, NY US",2014-10-27,,,,,0,0,0,,63,48,,,,,,,,,,,
USW00094728,"NY CITY CENTRAL PARK, NY US",2014-10-28,,,,,0,0,0,,72,53,,,,,,,,,,,
USW00094728,"NY CITY CENTRAL PARK, NY US",2014-10-29,,,,,0,0,0,,72,51,,,,,,,,1,,,
USW00094728,"NY CITY CENTRAL PARK, NY US",2014-10-30,,,,,0,0,0,,59,47,,,,,,,,,,,
USW00094728,"NY CITY CENTRAL PARK, NY US",2014-10-31,,,,,0.05,0,0,,55,45,,1,,,,,,,,,
USW00094728,"NY CITY CENTRAL PARK, NY US",2014-11-01,,,,,0.35,0,0,,47,42,,,,,,,,,,,
USW00094728,"NY CITY CENTRAL PARK, NY US",2014-11-02,,,,,0,0,0,,48,41,,,,,,,,,,,
USW00094728,"NY CITY CENTRAL PARK, NY US",2014-11-03,,,,,0,0,0,,61,39,,,,,,,,,,,
USW00094728,"NY CITY CENTRAL PARK, NY US",2014-11-04,,,,,0,0,0,,68,53,,,,,,,,,,,
USW00094728,"NY CITY CENTRAL PARK, NY US",2014-11-05,,,,,0,0,0,,64,56,,,,,,,,,,,
USW00094728,"NY CITY CENTRAL PARK, NY US",2014-11-06,,,,,0.37,0,0,,57,48,,1,,,,,,1,,,
USW00094728,"NY CITY CENTRAL PARK, NY US",2014-11-07,,,,,0,0,0,,53,40,,1,,,,,,,,,
USW00094728,"NY CITY CENTRAL PARK, NY US",2014-11-08,,,,,0,0,0,,48,36,,,,,,,,,,,
USW00094728,"NY CITY CENTRAL PARK, NY US",2014-11-09,,,,,0,0,0,,57,46,,,,,,,,,,,
USW00094728,"NY CITY CENTRAL PARK, NY US",2014-11-10,,,,,0,0,0,,61,44,,,,,,,,,,,
USW00094728,"NY CITY CENTRAL PARK, NY US",2014-11-11,,,,,0,0,0,,64,49,,1,,,,,,1,,,
USW00094728,"NY CITY CENTRAL PARK, NY US",2014-11-12,,,,,0,0,0,,65,47,,1,,,,,,1,,,
USW00094728,"NY CITY CENTRAL PARK, NY US",2014-11-13,,,,,0.2,0,0,,48,36,,1,,,,,,,,,
USW00094728,"NY CITY CENTRAL PARK, NY US",2014-11-14,,,,,0.06,0,0,,42,35,,1,,,,,,,,,
USW00094728,"NY CITY CENTRAL PARK, NY US",2014-11-15,,,,,0,0,0,,42,33,,,,,,,,,,,
USW00094728,"NY CITY CENTRAL PARK, NY US",2014-11-16,,,,,0.03,0,0,,45,35,,,,,,,,,,,
USW00094728,"NY CITY CENTRAL PARK, NY US",2014-11-17,,,,,1.54,0,0,,52,40,,1,,,,,,,,,
USW00094728,"NY CITY CENTRAL PARK, NY US",2014-11-18,,,,,0,0,0,,45,24,,,,,,,,,,,
USW00094728,"NY CITY CENTRAL PARK, NY US",2014-11-19,,,,,0,0,0,,36,22,,,,,,,,,,,
USW00094728,"NY CITY CENTRAL PARK, NY US",2014-11-20,,,,,0,0,0,,45,31,,,,,,,,,,,
USW00094728,"NY CITY CENTRAL PARK, NY US",2014-11-21,,,,,0,0,0,,37,28,,,,,,,,,,,
USW00094728,"NY CITY CENTRAL PARK, NY US",2014-11-22,,,,,0,0,0,,44,28,,,,,,,,,,,
USW00094728,"NY CITY CENTRAL PARK, NY US",2014-11-23,,,,,0,0,0,,57,43,,,,,,,,,,,
USW00094728,"NY CITY CENTRAL PARK, NY US",2014-11-24,,,,,0.7,0,0,,69,53,,1,,,,,,1,,,
USW00094728,"NY CITY CENTRAL PARK, NY US",2014-11-25,,,,,0,0,0,,68,51,,,,,,,,,,,
USW00094728,"NY CITY CENTRAL PARK, NY US",2014-11-26,,,,,1.24,0.2,0,,51,34,,1,,,,,,,,,
USW00094728,"NY CITY CENTRAL PARK, NY US",2014-11-27,,,,,0.02,0,0,,38,34,,1,,,,,,1,,,
USW00094728,"NY CITY CENTRAL PARK, NY US",2014-11-28,,,,,0,0,0,,37,29,,,,,,,,,,,
USW00094728,"NY CITY CENTRAL PARK, NY US",2014-11-29,,,,,0,0,0,,45,27,,,,,,,,,,,
USW00094728,"NY CITY CENTRAL PARK, NY US",2014-11-30,,,,,0,0,0,,55,45,,,,,,,,,,,
USW00094728,"NY CITY CENTRAL PARK, NY US",2014-12-01,,,,,0.09,0,0,,65,42,,,,,,,,,,,
USW00094728,"NY CITY CENTRAL PARK, NY US",2014-12-02,,,,,0.08,0,0,,43,35,,1,,,,,,1,,,
USW00094728,"NY CITY CENTRAL PARK, NY US",2014-12-03,,,,,0.06,0,0,,46,41,,1,,,,,,1,,,
USW00094728,"NY CITY CENTRAL PARK, NY US",2014-12-04,,,,,0,0,0,,45,37,,,,,,,,,,,
USW00094728,"NY CITY CENTRAL PARK, NY US",2014-12-05,,,,,0.51,0,0,,44,34,,1,,,,,,1,,,
USW00094728,"NY CITY CENTRAL PARK, NY US",2014-12-06,,,,,1.22,0,0,,50,39,,1,,,,,,1,,,
USW00094728,"NY CITY CENTRAL PARK, NY US",2014-12-07,,,,,0.04,0,0,,42,30,,,,,,,,,,,
USW00094728,"NY CITY CENTRAL PARK, NY US",2014-12-08,,,,,0,0,0,,37,24,,,,,,,,,,,
USW00094728,"NY CITY CENTRAL PARK, NY US",2014-12-09,,,,,2.54,0,0,,42,36,,1,,,,,,,,,
USW00094728,"NY CITY CENTRAL PARK, NY US",2014-12-10,,,,,0.08,1,0,,40,32,,1,,,,,,1,,,
USW00094728,"NY CITY CENTRAL PARK, NY US",2014-12-11,,,,,0.01,0,1.2,,38,31,,,,,,,,1,,,
USW00094728,"NY CITY CENTRAL PARK, NY US",2014-12-12,,,,,0,0,0,,38,32,,,,,,,,,,,
USW00094728,"NY CITY CENTRAL PARK, NY US",2014-12-13,,,,,0,0,0,,44,34,,,,,,,,,,,
USW00094728,"NY CITY CENTRAL PARK, NY US",2014-12-14,,,,,0,0,0,,46,38,,,,,,,,,,,
USW00094728,"NY CITY CENTRAL PARK, NY US",2014-12-15,,,,,0,0,0,,48,37,,,,,,,,,,,
USW00094728,"NY CITY CENTRAL PARK, NY US",2014-12-16,,,,,0.2,0,0,,49,38,,1,,,,,,1,,,
USW00094728,"NY CITY CENTRAL PARK, NY US",2014-12-17,,,,,0.02,0,0,,54,42,,1,,,,,,,,,
USW00094728,"NY CITY CENTRAL PARK, NY US",2014-12-18,,,,,0,0,0,,42,37,,,,,,,,,,,
USW00094728,"NY CITY CENTRAL PARK, NY US",2014-12-19,,,,,0,0,0,,38,31,,,,,,,,,,,
USW00094728,"NY CITY CENTRAL PARK, NY US",2014-12-20,,,,,0,0,0,,33,30,,,,,,,,,,,
USW00094728,"NY CITY CENTRAL PARK, NY US",2014-12-21,,,,,0,0,0,,36,31,,,,,,,,1,,,
USW00094728,"NY CITY CENTRAL PARK, NY US",2014-12-22,,,,,0.04,0,0,,44,35,,1,,,,,,1,,,
USW00094728,"NY CITY CENTRAL PARK, NY US",2014-12-23,,,,,0.16,0,0,,46,43,,1,,,,,,,,,
USW00094728,"NY CITY CENTRAL PARK, NY US",2014-12-24,,,,,0.8,0,0,,58,44,,1,,,,,,,,,
USW00094728,"NY CITY CENTRAL PARK, NY US",2014-12-25,,,,,0.09,0,0,,62,44,,1,,,,,,,,,
USW00094728,"NY CITY CENTRAL PARK, NY US",2014-12-26,,,,,0,0,0,,50,40,,,,,,,,,,,
USW00094728,"NY CITY CENTRAL PARK, NY US",2014-12-27,,,,,0,0,0,,55,44,,,,,,,,,,,
USW00094728,"NY CITY CENTRAL PARK, NY US",2014-12-28,,,,,0.1,0,0,,54,43,,1,,,,,,1,,,
USW00094728,"NY CITY CENTRAL PARK, NY US",2014-12-29,,,,,0,0,0,,44,34,,,,,,,,,,,
USW00094728,"NY CITY CENTRAL PARK, NY US",2014-12-30,,,,,0,0,0,,34,28,,,,,,,,,,,
USW00094728,"NY CITY CENTRAL PARK, NY US",2014-12-31,,,,,0,0,0,,32,27,,,,,,,,,,,
